<?xml version="1.0" encoding="UTF-8"?>
<project-private xmlns="http://www.netbeans.org/ns/project-private/1">
    <editor-bookmarks xmlns="http://www.netbeans.org/ns/editor-bookmarks/2" lastBookmarkId="0"/>
    <open-files xmlns="http://www.netbeans.org/ns/projectui-open-files/2">
        <group>
            <file>file:/C:/Users/Clarice/Desktop/testCinema/src/DAO/FilmeDAO.java</file>
            <file>file:/C:/Users/Clarice/Desktop/testCinema/src/view/SessaoDamsel.java</file>
            <file>file:/C:/Users/Clarice/Desktop/testCinema/src/model/Sessao.java</file>
            <file>file:/C:/Users/Clarice/Desktop/testCinema/src/DAO/SessaoDAO.java</file>
            <file>file:/C:/Users/Clarice/Desktop/testCinema/src/view/CadastrarFilmes.java</file>
            <file>file:/C:/Users/Clarice/Desktop/testCinema/src/Controler/FilmeControler.java</file>
            <file>file:/C:/Users/Clarice/Desktop/testCinema/src/Controler/SessaoControler.java</file>
        </group>
    </open-files>
</project-private>
