<?xml version="1.0" encoding="UTF-8"?>
<project-private xmlns="http://www.netbeans.org/ns/project-private/1">
    <editor-bookmarks xmlns="http://www.netbeans.org/ns/editor-bookmarks/2" lastBookmarkId="0"/>
    <open-files xmlns="http://www.netbeans.org/ns/projectui-open-files/2">
        <group>
            <file>file:/C:/Users/2022101202010163/Desktop/testCinema/testCinema/src/DAO/ReservaDAO.java</file>
            <file>file:/C:/Users/2022101202010163/Desktop/testCinema/testCinema/src/Controler/ReservaControler.java</file>
            <file>file:/C:/Users/2022101202010163/Desktop/testCinema/testCinema/src/view/ComprovanteDeCompra.java</file>
            <file>file:/C:/Users/2022101202010163/Desktop/testCinema/testCinema/src/view/CadastrarFilmes.java</file>
            <file>file:/C:/Users/2022101202010163/Desktop/testCinema/testCinema/src/view/Login.java</file>
            <file>file:/C:/Users/2022101202010163/Desktop/testCinema/testCinema/src/view/PagCinema.java</file>
            <file>file:/C:/Users/2022101202010163/Desktop/testCinema/testCinema/src/view/Cadastro.java</file>
            <file>file:/C:/Users/2022101202010163/Desktop/testCinema/testCinema/src/view/DetalhesFilme.java</file>
        </group>
    </open-files>
</project-private>
